Business Name,Email,City/State,WebsiteURL,N/A,N/A
Business Name,Email,City/State,WebsiteURL,N/A,N/A
MJ Ahmed CPA PLLC,mj@dallascpa.net,Dallas,dallascpa.net,N/A,N/A
Grissom & Company, PLLC,info@grissomcpa.com,Dallas,grissomcpa.com,N/A,N/A
Rex Draughn CPA,N/A,Dallas,cpa-dallas.com,N/A,N/A
Patten & Co,info@ptcpas.com,Dallas,ptcpas.com,N/A,N/A
Mark Patten,mpatten@ptcpas.com,Dallas,ptcpas.com,N/A,N/A
Chelsea Ngo,cngo@ptcpas.com,Dallas,ptcpas.com,N/A,N/A
Evans Sternau CPA,info@es.cpa,Houston,es.cpa,N/A,N/A
Abbas CPA,info@abbas-cpa.com,Houston,abbas-cpa.com,N/A,N/A
JAG CPA & Co.,bianca@jagcpa.com,Houston,jagcpa.com,N/A,N/A
AKIF CPA,info@akifcpa.com,Houston,akifcpa.com,N/A,N/A
Hollis CPA Firm,cameron@holliscpa.com,Austin,holliscpa.com,N/A,N/A
McMordie & Company, CPAs,admin@mcmordiecpa.com,Austin,mcmordiecpa.com,N/A,N/A
Arbor Creek Tax & Consulting (North),sharon@arborcreektax.com,Austin,arborcreektax.com,N/A,N/A
Arbor Creek Tax & Consulting (West),tori@arborcreektax.com,Austin,arborcreektax.com,N/A,N/A
Lisa S. Johnston, CPA, PLLC,info@lsjcpa.com,Austin,lsjcpa.com,N/A,N/A
theCPAteam.com,avz@thecpateam.com,Austin,thecpateam.com,N/A,N/A
Ray CPA Tax and Accounting, LLC,rray@raycpallc.com,San Antonio,raycpallc.com,N/A,N/A
AccountsFit,patti@accountsfit.com,San Antonio,accountsfit.com,N/A,N/A
Adam Dickreiter, CPA, PLLC,adamd@mysanantoniocpa.com,San Antonio,mysanantoniocpa.com,N/A,N/A
John F. Coggin CPA, PLLC,john@jcoggincpa.com,San Antonio,jcoggincpa.com,N/A,N/A
ADKF, P.C.,susan.valdez@adkf.com,San Antonio,adkf.com,N/A,N/A
Haynie & Company,sanantonioinfo@hayniecpas.com,San Antonio,hayniecpas.com,N/A,N/A
Fred Flores CPA,info@fredflorescpa.com,San Antonio,fredflorescpa.com,N/A,N/A
Sol Schwartz & Associates,info@ssacpa.com,San Antonio,ssacpa.com,N/A,N/A
Patrick J. Haddon, CPA,patrick@pjhaddoncpa.com,Chicago,pjhaddoncpa.com,N/A,N/A
Patrick J. Haddon, CPA,leslie@pjhaddoncpa.com,Chicago,pjhaddoncpa.com,N/A,N/A
Patrick J. Haddon, CPA,david@pjhaddoncpa.com,Chicago,pjhaddoncpa.com,N/A,N/A
Business Name,Email,City/State,WebsiteURL,N/A,N/A
Cherry Bekaert LLP,N/A,Dallas, TX,https://www.cbh.com/locations/cpa-accounting-firm-in-dallas-tx/,N/A,N/A
Grissom & Company, PLLC,N/A,Dallas, TX,https://www.grissomcpa.com/,N/A,N/A
MJ Ahmed CPA PLLC,mj@dallascpa.net,Dallas, TX,https://dallascpa.net/,N/A,N/A
Patten & Company LLC,N/A,Dallas, TX,https://ptcpas.com/,N/A,N/A
Evans Sternau CPA,info@es.cpa,Dallas, TX,https://es.cpa/cpa-firm-dallas/,N/A,N/A
Evans Sternau CPA,info@es.cpa,Dallas,https://es.cpa/cpa-firm-dallas/,N/A,N/A
MJ Ahmed CPA PLLC,mj@dallascpa.net,Dallas,https://dallascpa.net/contact,N/A,N/A
Grissom & Company, PLLC,info@grissomcpa.com,Dallas,https://www.grissomcpa.com/,N/A,N/A
Dallas Tax Advisors,accounting@dfw-taxadvisors.com,Dallas,https://www.dfw-taxadvisors.com/contact-us,N/A,N/A
Texas Financial Advisors,info@texasfa.com,Dallas,https://www.texasfa.com/Contact-Us.16.htm,N/A,N/A
The Aspen Physician Network,support@aspenmedcenter.com,Dallas,https://www.aspenmedcenter.com/,N/A,N/A
Anwer Azam CPA PC,anwer@aacpapc.com,Dallas,N/A,N/A,N/A
Evans Sternau CPA,info@es.cpa,Dallas,https://es.cpa/,N/A,N/A
Dallas County Law Library,LawLibrary@dallascounty.org,Dallas,N/A,N/A,N/A
Hillcrest Medical Clinic,frontdesk@hillcrestmedicaldallas.com,Dallas,https://hillcrestmedical.com/,N/A,N/A
