Business Name,Email,Map Location,Website,Number of Reviews,Star Rating
Bestlawfirms Law,bestlawfirms@bestlawyers.com,New York NY,https://www.bestlawfirms.com/united-states/new-york&amp;rut=829ae27fafed98312fb5d74dc7796355ed5ac1fca5cde7b8eac873e09d0fa7ff,249,4.7
Cba CPA,info@cba.ca.gov,Los Angeles CA,https://www.cba.ca.gov/&amp;rut=12a2aae72df7b6e07cf6b21f20cd8edd83ef8ee98374ff483892f529c33509a4,108,4.8
Ascpa CPA,membership@ascpa.com,Phoenix AZ,https://www.ascpa.com/find-a-cpa?action=search&amp;rut=ba4a34d404f2217deadeebbab30e3006596906f9499f09d3426dafde3ce4c443,271,4.5
Bsklaw Law,dsnell@bsklaw.com,San Antonio TX,https://www.bsklaw.com/&amp;rut=d949e28d75210e8d5778afa121ca13fcc10bb2ca21317485efc4ad2724733e3e,131,5.0
Sanantoniocpas CPA,info@sanantoniocpas.com,San Antonio TX,https://sanantoniocpas.com/&amp;rut=628bcad6cb7689248602b519f2e73da6670936891185bd8eb56b7916730eb8e0,143,4.2
Higgslaw Law,email@company.com,San Diego CA,https://higgslaw.com/&amp;rut=5658f2e7c0d4628f2352bdd79365099774b1c262c1192a4a0333e920c89c973c,276,5.0
Mysoleildental Dental,info@mysoleildental.com,Dallas TX,https://www.mysoleildental.com/&amp;rut=fda0f00827dbe1d1de51feef7b5e04451cd50a1101604d2e3aef8f3d3e0a3bdc,236,4.8
Cdlogistx Consulting,office@cdlogistx.com,Dallas TX,https://www.cdlogistx.com/&amp;rut=23722306553ba2d17727897461de81b6ee09f14152535a285af254decccb5187,153,4.3
Victorymed Medical,info@victorymed.com,Austin TX,https://www.victorymed.com/&amp;rut=0b6257fe94e14d8c72054e69204c578d1308efa3afb2507d5e3ed115ea8185de,55,5.0
Cpaofaustin CPA,info@cpaofaustin.com,Austin TX,https://cpaofaustin.com/&amp;rut=edb4d415e52b67a4a4d9da310878f5936eb87245380a348165fa38101f500903,134,4.7
Fortdentaltx Dental,info@hulendental.com,Fort Worth TX,https://www.fortdentaltx.com/&amp;rut=7b4fd60155911b6476fb7a31efa01baa7c2789e58fa79cbaee37069998823226,184,4.2
Cloptoncpa CPA,admin@cloptoncpa.com,Garland TX,https://www.cloptoncpa.com/&amp;rut=782c71f75cb7dc2e37c6e4a4179f31940b610740438b0e8e10f73e540a309349,361,5.0
Getwaverlydental Dental,uptown@getwaverly.com,Plano TX,https://getwaverlydental.com/locations/plano&amp;rut=2e1bbed75c367cee78cec30c0dd39f4aaa48b0049c6e1ab4d8a7ca11111b01a8,78,4.6
Plexusdentalplano Dental,info@plexusdentalplano.com,Plano TX,https://www.plexusdentalplano.com/&amp;rut=7e6a3720fea48aee1c73ce173a13c050d687c95edf999c26adb6dd21dabf4132,26,4.6
Northwesternmutual Financial,scott.r.evans@nm.com,Chicago IL,https://www.northwesternmutual.com/office/il/chicago/20691987/&amp;rut=dbb1996042cc60cbaabff72581a11340382fe2731b14ec648c523f2e9b8b402c,345,4.4
Wellstar Medical,bootstrap@5.3.2,Atlanta GA,https://www.wellstar.org/locations/medical-practice/atlanta-medical-clinic-atlanta-197-14th-street-nw-suite-300b&amp;rut=0c685f6629c0f4c4040bc5af97532e1892286ba137fd9ae6bc52d16f4f05a2b3,250,4.7
Renochiropractic Chiropractor,powerhealthreno@gmail.com,Reno NV,https://renochiropractic.com/&amp;rut=62a0d42b75e8169796d10925969d2f7ec2e7d9e199b82db358320e17af254ec1,229,4.5
Home Financial,mark.webster@wellsfargoadvisors.com,Riverside CA,https://home.wellsfargoadvisors.com/001_A239&amp;rut=b29805cc2455e1fedf8c949d3dc37cfa86fda4ed1720c5fc74ba06bf2fcb6723,120,4.6
Buckheadorthodontics Orthodontist,content-api@1.3.8,Atlanta GA,https://www.buckheadorthodontics.com/&amp;rut=885a0f4f98589010aaf187df691aef98ec91ffc3207804d2aba449ecdabf3ce7,129,4.0
Vandersonlaw Divorce,victoria@vandersonlaw.com,Orlando FL,https://www.vandersonlaw.com/&amp;rut=75875476cac06590692972f13af11fe7d765ff74e1c087810f1e25f7b69c6890,80,4.7
Freshstartcpa Tax,welovenumbers@freshstartcpa.com,Baltimore MD,https://www.freshstartcpa.com/taxprep.php&amp;rut=130b960db6d747bb0ce4259f03f9462afa76f3a6d1bdf6532f440006775b58cd,310,4.5
Hardingattorneys Divorce,hardinglaw@aol.com,Virginia Beach VA,https://www.hardingattorneys.com/&amp;rut=7e70558021fba40530b459f3d5a3ae184d3f35e239cec10b15c6e18a0d66a3a7,367,4.1
Vsecindy Veterinary,info@vsecindy.com,Indianapolis IN,https://vsecindy.com/&amp;rut=e7e7f3a65c3e6f097ae76dddfde76f85d4759bce6e918b557d59c175a5f86968,91,4.0
Dentaworkshawaii Dental,select2@4.1.0-rc.0,Honolulu HI,https://www.dentaworkshawaii.com/&amp;rut=c2aa41a61e4bfd2a606acc8a3fce972c85d5de0e6bdd12e5f1c4127838d7b9c9,278,4.5
Josfamilylaw Divorce,info@josfamilylaw.com,Santa Ana CA,https://josfamilylaw.com/santa-ana-divorce-attorney.php&amp;rut=58d0640104139c09b0641aa789d31f63e468c05463c9878082445b28fba83754,21,4.7
Makeawavecincy Physical,info@anchorcincy.com,Cincinnati OH,https://makeawavecincy.com/&amp;rut=391d725eef16fdb75d68c9a491a3dd22227931e6ca3ad6c33344002f33fb171d,398,4.7
Downtownhoustondentist Dental,info@downtownhoustondentist.com,Houston TX,https://www.downtownhoustondentist.com/&amp;rut=9210bc99aa5c8748a4b19a0be16337d6393bd83347942d93cfc2c612e5820d8f,100,4.4
Bakerandbakerpc Law,pbaker@lawbaker.com,Santa Ana CA,https://www.bakerandbakerpc.com/&amp;rut=16c3d14c129e3e2ed31831a95606e9c64763782aa81897e2605dff1c09ccaf21,356,4.5
Bwfa Financial,emailus@bwfa.com,Baltimore MD,https://bwfa.com/&amp;rut=3ff542f0e33726d26a4d5ea16fd2c1a60fe4fe549909c7a3f7261bfd0f5ae3e9,282,4.7
Hummertfinancial Financial,info@hummertfinancial.com,St. Louis MO,https://hummertfinancial.com/&amp;rut=2411bfa2e34bb56a00c656e2667cb9f5130f2be5d9fc9664ad0314c04a69b9fc,32,4.1
Klassencorp Architects,scrollreveal@4.0.5,Bakersfield CA,https://www.klassencorp.com/&amp;rut=4c4224455750c5e8f56032362fc094bd4a56bf8019077392fbaf668fa644f956,178,4.1
Thewellchiropracticclinic Chiropractor,info@thewellchiropracticclinic.com,Gilbert AZ,https://www.thewellchiropracticclinic.com/&amp;rut=760240d98ba8d40fcb5a2de2dcb5159e6fc3abbb402402aefc76b75a63a76a4b,200,4.0
Wealthoklahoma Financial,info@wealthoklahoma.com,Tulsa OK,https://wealthoklahoma.com/&amp;rut=88c9f76849151acf99029593d2ac4107e418a71fc0ce9a83c4cf77102efcc743,102,4.6
Dentalsmilesofnc Dental,info@dentalsmilesofnc.com,Raleigh NC,https://dentalsmilesofnc.com/&amp;rut=a7eacb2ee413a3762a2a5e6586562d1952b0c9292554f8d3dd20845eb35812cf,267,4.4
Mncpa CPA,customerservice@mncpa.org,Minneapolis WI,https://www.mncpa.org/find-a-cpa/directories/cpa-yellow-pages/?c=Minneapolis&amp;rut=a7289dea74aa453cf81ea99fa90a49bf714e70878a182789f2968a13030efce2,395,4.5
Fortworthdental Dental,info@fortworthdental.com,Fort Worth TX,https://fortworthdental.com/&amp;rut=d9be67591745414bace9947448f6fa76d5b23b196a4ab662482f9a2584234759,383,4.6
Glendalegentledentistry Dental,vue@2.6.10,Glendale AZ,https://glendalegentledentistry.com/&amp;rut=ca796de2823a91f1db625996a398af07e6957863832d14ad1f217278c40a7d84,174,4.9
Shadearch Architects,info@shadearch.com,Mesa AZ,https://www.shadearch.com/&amp;rut=f7cbe86a6c6a94832bb281258ad05aa52f0955494349fb8bf732ada31dc2cd5d,321,4.2
Federico Consulting,sales@federico.net,Fresno TX,https://federico.net/&amp;rut=747cb22691ef83fce8110ac9692f8fa52bfc60943a55bbc93c508a9fbc243c79,72,4.3
Infoworks-tn Consulting,info@infoworks-tn.com,Nashville TN,https://www.infoworks-tn.com/&amp;rut=f23eadf67c172d766860e6568d985207b96a760d501f480252250726ac0baa0e,165,4.6
Citychirocenter Chiropractor,info@citychirocenter.com,Irving TX,https://citychirocenter.com/&amp;rut=41530eeabb236df18ba8bb66fd0d4417a9b6207119827a1905d81cc6f3f382ee,283,4.7
Migrationcounsel Immigration,dtakeno@migrationcounsel.com,Honolulu HI,https://www.migrationcounsel.com/&amp;rut=d79b84139038e163f4c25efee98c7266545de8bb44bf7363308adc471ec48292,79,4.2
Hawaiiimmigrationlaw Immigration,maile@hirotaimmigration.com,Honolulu HI,https://www.hawaiiimmigrationlaw.com/&amp;rut=84d4e27a8817ad4d069bc775da459a49c1e242ba42a9920c54ac5ab6a8a98f34,341,4.5
Wearetriad Architects,info@wearetriad.com,Columbus OH,https://wearetriad.com/&amp;rut=710c1e54b516ba16598fe959edbdff5d710773475cb7aa774971ecd40e910613,44,4.5
Irvingtx Architects,irving-permits@irvingtx.gov,Irving TX,https://irvingtx.gov/predevelopment&amp;rut=83cbf5c7b9fc478b574bb1778ee6d16164d3cdef2f028d07adcad346d1443c42,36,4.1
Grace-design Architects,info@ghc-arch.com,Irving TX,https://grace-design.com/&amp;rut=5654b3a151de2c0619c0a86a85f3fd3e20804efe59271b406fa406a0604840b5,369,4.7
Missionpediatrics Pediatrician,customerservice@missionpediatrics.com,Riverside CA,https://www.missionpediatrics.com/&amp;rut=cec8cf3de54291b17407ba30cd84c59c9be43911f6fe390dd54e1d9c8dd9c6ac,173,4.6
Moorephysicaltherapy Physical,gc@moorephysicaltherapy.com,Mesa AZ,https://moorephysicaltherapy.com/mesa/&amp;rut=46f235c6b9d6ce6c9c425b82f1e10a502063f00fd276bac90c98d56fac1fe754,300,4.9
Covacpa CPA,fhmnaar@pbinpcn.pbz,Virginia Beach VA,https://www.covacpa.com/&amp;rut=2602bbe7df90481ce514013d467933727f30e486cefc861bd034b2b1db2c4f73,132,4.5
Osipt Physical,intake@osipt.com,Minneapolis WI,https://osipt.com/&amp;rut=e33422f8fdb9e259b4dd56975c5b542113d24cb20dfa2b7d6367330110aa3c6d,297,4.8
